{
  "sequential": {
    "K8s Service (round-robin)": {
      "mean": 8.491482073441148,
      "p50": 7.95122398994863,
      "p99": 17.999643925577402,
      "n": 50
    },
    "Our Gateway + EPP": {
      "mean": 8.886240380816162,
      "p50": 8.629683870822191,
      "p99": 10.64201700501144,
      "n": 50
    },
    "RHAII EA2 Gateway + EPP": {
      "mean": 8.795047509483993,
      "p50": 8.540374925360084,
      "p99": 11.988546000793576,
      "n": 50
    }
  },
  "concurrent_short": {
    "K8s Service (round-robin)": {
      "ttft_mean": 15.246453452855349,
      "ttft_p99": 37.078212946653366,
      "itl_p50": 3.1490338757178007,
      "itl_p99": 3.539378365159643,
      "throughput": 4510.465283396275,
      "n": 200
    },
    "Our Gateway + EPP": {
      "ttft_mean": 17.45299004833214,
      "ttft_p99": 26.424348121508956,
      "itl_p50": 3.645842633571248,
      "itl_p99": 4.854494672534721,
      "throughput": 3820.09557393339,
      "n": 200
    },
    "RHAII EA2 Gateway + EPP": {
      "ttft_mean": 17.861185623332858,
      "ttft_p99": 26.55246900394559,
      "itl_p50": 3.7383199764453634,
      "itl_p99": 5.0183685296880345,
      "throughput": 3739.17421966704,
      "n": 200
    }
  },
  "concurrent_long": {
    "K8s Service (round-robin)": {
      "ttft_mean": 20.106000961968675,
      "ttft_p99": 72.36134493723512,
      "itl_p50": 3.254301544993815,
      "itl_p99": 4.092280929343718,
      "throughput": 4490.653251381955,
      "n": 200
    },
    "Our Gateway + EPP": {
      "ttft_mean": 30.140455262735486,
      "ttft_p99": 47.8678320068866,
      "itl_p50": 4.68027088885205,
      "itl_p99": 5.003580294380134,
      "throughput": 3268.9097482789634,
      "n": 200
    },
    "RHAII EA2 Gateway + EPP": {
      "ttft_mean": 32.72379885194823,
      "ttft_p99": 79.1178960353136,
      "itl_p50": 4.679132949071701,
      "itl_p99": 5.192766838584736,
      "throughput": 3224.762232033769,
      "n": 200
    }
  }
}