{
  "A": {
    "label": "A: Direct Pod (single pod)",
    "mean": 21.494179723085836,
    "p50": 21.237562876194715,
    "p99": 25.590794859454036,
    "throughput": 35350.76348139656,
    "ok": 200,
    "errors": 0,
    "wall": 0.2828793218359351
  },
  "B": {
    "label": "B: K8s Service (16 pods)",
    "mean": 12.060282037127763,
    "p50": 12.001855066046119,
    "p99": 21.344830049201846,
    "throughput": 61434.66494572389,
    "ok": 200,
    "errors": 0,
    "wall": 0.16277455096133053
  },
  "C": {
    "label": "C: Istio+EPP (16 pods)",
    "mean": 13.431204886874184,
    "p50": 13.304810039699078,
    "p99": 19.80694686062634,
    "throughput": 56205.61440730963,
    "ok": 200,
    "errors": 0,
    "wall": 0.17791816894896328
  }
}