{
  "direct": {
    "label": "A: Direct Pod IP (zero routing)",
    "mean": 7.315202918834984,
    "p50": 7.018649950623512,
    "p99": 18.41088104993105,
    "min": 6.940543884411454,
    "max": 18.41088104993105,
    "stdev": 1.615074153873923,
    "n": 50
  },
  "k8s_service": {
    "label": "B: K8s Service (round-robin)",
    "mean": 9.046026216819882,
    "p50": 8.141662925481796,
    "p99": 14.464594889432192,
    "min": 7.1602140087634325,
    "max": 14.464594889432192,
    "stdev": 2.112895926881196,
    "n": 50
  },
  "istio_epp": {
    "label": "C: Istio Gateway + EPP",
    "mean": 9.05136558227241,
    "p50": 8.783827070146799,
    "p99": 13.221784960478544,
    "min": 7.952776970341802,
    "max": 13.221784960478544,
    "stdev": 1.0806737716808874,
    "n": 50
  },
  "overhead": {
    "k8s_svc_mean_ms": 1.730823297984898,
    "istio_epp_mean_ms": 0.005339365452528,
    "total_mean_ms": 1.736162663437426,
    "k8s_svc_p99_ms": -3.9462861604988575,
    "istio_epp_p99_ms": -1.2428099289536476,
    "total_p99_ms": -5.189096089452505,
    "pct_of_ttft_mean": 23.73362274021411,
    "pct_of_ttft_p99": -28.184941694965428
  }
}